{
  "project_info": {
    "project_number": "590415332164",
    "firebase_url": "https://classwork8-9cd2e.firebaseio.com",
    "project_id": "classwork8-9cd2e",
    "storage_bucket": "classwork8-9cd2e.appspot.com"
  },
  "client": [
    {
      "client_info": {
        "mobilesdk_app_id": "1:590415332164:android:5d0b557ef16a7af8",
        "android_client_info": {
          "package_name": "cs.ut.ee.classwork8"
        }
      },
      "oauth_client": [
        {
          "client_id": "590415332164-ve36dumnsjmopcu1tmldo3rn1i56cooe.apps.googleusercontent.com",
          "client_type": 1,
          "android_info": {
            "package_name": "cs.ut.ee.classwork8",
            "certificate_hash": "e4e5b0434b177bd2c4cf8524cf62e8516756e317"
          }
        },
        {
          "client_id": "590415332164-p3rnrdm6nmmaot7lnb9msq7k0imj97u5.apps.googleusercontent.com",
          "client_type": 3
        }
      ],
      "api_key": [
        {
          "current_key": "AIzaSyD3VjoacmpeJPACikDIxMeNdCowT19ieRo"
        }
      ],
      "services": {
        "analytics_service": {
          "status": 1
        },
        "appinvite_service": {
          "status": 2,
          "other_platform_oauth_client": [
            {
              "client_id": "590415332164-p3rnrdm6nmmaot7lnb9msq7k0imj97u5.apps.googleusercontent.com",
              "client_type": 3
            }
          ]
        },
        "ads_service": {
          "status": 2
        }
      }
    }
  ],
  "configuration_version": "1"
}